{
  "hash": "8fbb9ad0",
  "configHash": "6da34872",
  "lockfileHash": "9de3a812",
  "browserHash": "2c2d9dde",
  "optimized": {
    "@angular/core": {
      "src": "../../../../../../node_modules/@angular/core/fesm2022/core.mjs",
      "file": "@angular_core.js",
      "fileHash": "1da8e956",
      "needsInterop": false
    },
    "@angular/forms": {
      "src": "../../../../../../node_modules/@angular/forms/fesm2022/forms.mjs",
      "file": "@angular_forms.js",
      "fileHash": "2bcdc80a",
      "needsInterop": false
    },
    "@angular/platform-browser": {
      "src": "../../../../../../node_modules/@angular/platform-browser/fesm2022/platform-browser.mjs",
      "file": "@angular_platform-browser.js",
      "fileHash": "a36fba35",
      "needsInterop": false
    },
    "@angular/router": {
      "src": "../../../../../../node_modules/@angular/router/fesm2022/router.mjs",
      "file": "@angular_router.js",
      "fileHash": "ba2d590f",
      "needsInterop": false
    },
    "zone.js": {
      "src": "../../../../../../node_modules/zone.js/fesm2015/zone.js",
      "file": "zone__js.js",
      "fileHash": "1a3f58f0",
      "needsInterop": true
    },
    "@angular/material/form-field": {
      "src": "../../../../../../node_modules/@angular/material/fesm2022/form-field.mjs",
      "file": "@angular_material_form-field.js",
      "fileHash": "9f765ee6",
      "needsInterop": false
    },
    "@angular/material/input": {
      "src": "../../../../../../node_modules/@angular/material/fesm2022/input.mjs",
      "file": "@angular_material_input.js",
      "fileHash": "5d3e061c",
      "needsInterop": false
    },
    "@angular/cdk/bidi": {
      "src": "../../../../../../node_modules/@angular/cdk/fesm2022/bidi.mjs",
      "file": "@angular_cdk_bidi.js",
      "fileHash": "b54f93d7",
      "needsInterop": false
    },
    "@angular/cdk/text-field": {
      "src": "../../../../../../node_modules/@angular/cdk/fesm2022/text-field.mjs",
      "file": "@angular_cdk_text-field.js",
      "fileHash": "e9a2cc71",
      "needsInterop": false
    },
    "@angular/common": {
      "src": "../../../../../../node_modules/@angular/common/fesm2022/common.mjs",
      "file": "@angular_common.js",
      "fileHash": "e2d15d4d",
      "needsInterop": false
    },
    "dompurify": {
      "src": "../../../../../../node_modules/dompurify/dist/purify.es.mjs",
      "file": "dompurify.js",
      "fileHash": "adac5c80",
      "needsInterop": false
    },
    "@angular/material/select": {
      "src": "../../../../../../node_modules/@angular/material/fesm2022/select.mjs",
      "file": "@angular_material_select.js",
      "fileHash": "3ebee583",
      "needsInterop": false
    },
    "@angular/cdk/scrolling": {
      "src": "../../../../../../node_modules/@angular/cdk/fesm2022/scrolling.mjs",
      "file": "@angular_cdk_scrolling.js",
      "fileHash": "d327e81e",
      "needsInterop": false
    },
    "@angular/material/paginator": {
      "src": "../../../../../../node_modules/@angular/material/fesm2022/paginator.mjs",
      "file": "@angular_material_paginator.js",
      "fileHash": "44fe1453",
      "needsInterop": false
    },
    "@angular/material/table": {
      "src": "../../../../../../node_modules/@angular/material/fesm2022/table.mjs",
      "file": "@angular_material_table.js",
      "fileHash": "362209d4",
      "needsInterop": false
    },
    "@angular/material/icon": {
      "src": "../../../../../../node_modules/@angular/material/fesm2022/icon.mjs",
      "file": "@angular_material_icon.js",
      "fileHash": "adbe3485",
      "needsInterop": false
    },
    "@angular/material/button": {
      "src": "../../../../../../node_modules/@angular/material/fesm2022/button.mjs",
      "file": "@angular_material_button.js",
      "fileHash": "f45574a7",
      "needsInterop": false
    }
  },
  "chunks": {
    "chunk-C2NENEWC": {
      "file": "chunk-C2NENEWC.js"
    },
    "chunk-7NDQRYYI": {
      "file": "chunk-7NDQRYYI.js"
    },
    "chunk-KI2BYVJV": {
      "file": "chunk-KI2BYVJV.js"
    },
    "chunk-J4HI7ZJE": {
      "file": "chunk-J4HI7ZJE.js"
    },
    "chunk-46J4FF5C": {
      "file": "chunk-46J4FF5C.js"
    },
    "chunk-4L47764Z": {
      "file": "chunk-4L47764Z.js"
    },
    "chunk-6XQVICY4": {
      "file": "chunk-6XQVICY4.js"
    },
    "chunk-XLGVKAOJ": {
      "file": "chunk-XLGVKAOJ.js"
    },
    "chunk-NJGQZBGD": {
      "file": "chunk-NJGQZBGD.js"
    },
    "chunk-ACXNTBOM": {
      "file": "chunk-ACXNTBOM.js"
    },
    "chunk-KAPXTIMC": {
      "file": "chunk-KAPXTIMC.js"
    },
    "chunk-EOFW2REK": {
      "file": "chunk-EOFW2REK.js"
    },
    "chunk-6LPNNGJH": {
      "file": "chunk-6LPNNGJH.js"
    },
    "chunk-LJDV2ZOZ": {
      "file": "chunk-LJDV2ZOZ.js"
    },
    "chunk-7B6MUMAQ": {
      "file": "chunk-7B6MUMAQ.js"
    },
    "chunk-PXN4YEYI": {
      "file": "chunk-PXN4YEYI.js"
    },
    "chunk-TPWEKBWY": {
      "file": "chunk-TPWEKBWY.js"
    },
    "chunk-Q6NNDMTP": {
      "file": "chunk-Q6NNDMTP.js"
    },
    "chunk-E2HTPD2H": {
      "file": "chunk-E2HTPD2H.js"
    },
    "chunk-WDMUDEB6": {
      "file": "chunk-WDMUDEB6.js"
    }
  }
}